-- phpMyAdmin SQL Dump
-- version 4.7.0
-- https://www.phpmyadmin.net/
--
-- Host: 127.0.0.1
-- Generation Time: Jun 17, 2017 at 08:27 AM
-- Server version: 10.1.22-MariaDB
-- PHP Version: 7.1.4

SET SQL_MODE = "NO_AUTO_VALUE_ON_ZERO";
SET AUTOCOMMIT = 0;
START TRANSACTION;
SET time_zone = "+00:00";


/*!40101 SET @OLD_CHARACTER_SET_CLIENT=@@CHARACTER_SET_CLIENT */;
/*!40101 SET @OLD_CHARACTER_SET_RESULTS=@@CHARACTER_SET_RESULTS */;
/*!40101 SET @OLD_COLLATION_CONNECTION=@@COLLATION_CONNECTION */;
/*!40101 SET NAMES utf8mb4 */;

--
-- Database: `sereechai`
--

-- --------------------------------------------------------

--
-- Table structure for table `image`
--

CREATE TABLE `image` (
  `id` int(11) NOT NULL,
  `image_album_id` int(11) NOT NULL,
  `name` varchar(255) COLLATE utf8_unicode_ci DEFAULT NULL,
  `path` varchar(255) COLLATE utf8_unicode_ci DEFAULT NULL,
  `created_at` timestamp NOT NULL DEFAULT CURRENT_TIMESTAMP,
  `updated_at` timestamp NOT NULL DEFAULT CURRENT_TIMESTAMP ON UPDATE CURRENT_TIMESTAMP
) ENGINE=InnoDB DEFAULT CHARSET=utf8 COLLATE=utf8_unicode_ci;

--
-- Dumping data for table `image`
--

INSERT INTO `image` (`id`, `image_album_id`, `name`, `path`, `created_at`, `updated_at`) VALUES
(1, 1, '17029097_1322107657870794_1001005157_n.jpg', '/assets/images/portfolio/AIA/17029097_1322107657870794_1001005157_n.jpg', '2017-06-17 06:17:56', '2017-06-17 06:17:56'),
(2, 1, '17035421_1322107634537463_46738181_n.jpg', '/assets/images/portfolio/AIA/17035421_1322107634537463_46738181_n.jpg', '2017-06-17 06:17:56', '2017-06-17 06:17:56'),
(3, 1, '17035539_1322107627870797_1150904025_n.jpg', '/assets/images/portfolio/AIA/17035539_1322107627870797_1150904025_n.jpg', '2017-06-17 06:17:56', '2017-06-17 06:17:56'),
(4, 1, '17035542_1322107644537462_1902816265_n.jpg', '/assets/images/portfolio/AIA/17035542_1322107644537462_1902816265_n.jpg', '2017-06-17 06:17:56', '2017-06-17 06:17:56'),
(5, 1, '17035569_1322107667870793_273374118_n.jpg', '/assets/images/portfolio/AIA/17035569_1322107667870793_273374118_n.jpg', '2017-06-17 06:17:56', '2017-06-17 06:17:56'),
(6, 1, '17092032_1322107654537461_150202099_n.jpg', '/assets/images/portfolio/AIA/17092032_1322107654537461_150202099_n.jpg', '2017-06-17 06:17:56', '2017-06-17 06:17:56'),
(7, 1, '17094016_1322107611204132_1882120044_n.jpg', '/assets/images/portfolio/AIA/17094016_1322107611204132_1882120044_n.jpg', '2017-06-17 06:17:56', '2017-06-17 06:17:56'),
(8, 2, '17238545_1387936434598980_1649736628_n.jpg', '/assets/images/portfolio/MOS BURGER ชิดลม/17238545_1387936434598980_1649736628_n.jpg', '2017-06-17 06:18:22', '2017-06-17 06:18:22'),
(9, 2, '17238791_1387935594599064_1063459009_n.jpg', '/assets/images/portfolio/MOS BURGER ชิดลม/17238791_1387935594599064_1063459009_n.jpg', '2017-06-17 06:18:22', '2017-06-17 06:18:22'),
(10, 2, '17238821_1387935981265692_742052660_n.jpg', '/assets/images/portfolio/MOS BURGER ชิดลม/17238821_1387935981265692_742052660_n.jpg', '2017-06-17 06:18:22', '2017-06-17 06:18:22'),
(11, 2, '17238888_1387935367932420_1202739495_n.jpg', '/assets/images/portfolio/MOS BURGER ชิดลม/17238888_1387935367932420_1202739495_n.jpg', '2017-06-17 06:18:22', '2017-06-17 06:18:22'),
(12, 2, '17270435_1387936121265678_1013639813_n.jpg', '/assets/images/portfolio/MOS BURGER ชิดลม/17270435_1387936121265678_1013639813_n.jpg', '2017-06-17 06:18:22', '2017-06-17 06:18:22'),
(13, 2, '17270768_1387936347932322_1891991053_n.jpg', '/assets/images/portfolio/MOS BURGER ชิดลม/17270768_1387936347932322_1891991053_n.jpg', '2017-06-17 06:18:22', '2017-06-17 06:18:22'),
(14, 2, '17270977_1387935861265704_471482699_n.jpg', '/assets/images/portfolio/MOS BURGER ชิดลม/17270977_1387935861265704_471482699_n.jpg', '2017-06-17 06:18:22', '2017-06-17 06:18:22'),
(15, 2, '17274449_1387935241265766_682075285_n.jpg', '/assets/images/portfolio/MOS BURGER ชิดลม/17274449_1387935241265766_682075285_n.jpg', '2017-06-17 06:18:22', '2017-06-17 06:18:22'),
(16, 2, '17321311_1387936234599000_1793502868_n.jpg', '/assets/images/portfolio/MOS BURGER ชิดลม/17321311_1387936234599000_1793502868_n.jpg', '2017-06-17 06:18:22', '2017-06-17 06:18:22'),
(17, 3, '17238250_1335804449834448_1919803900_n.jpg', '/assets/images/portfolio/โรงแรม BWP/17238250_1335804449834448_1919803900_n.jpg', '2017-06-17 06:18:47', '2017-06-17 06:18:47'),
(18, 3, '17238250_1335805606500999_796635855_n.jpg', '/assets/images/portfolio/โรงแรม BWP/17238250_1335805606500999_796635855_n.jpg', '2017-06-17 06:18:47', '2017-06-17 06:18:47'),
(19, 3, '17238548_1335763619838531_844434657_n.jpg', '/assets/images/portfolio/โรงแรม BWP/17238548_1335763619838531_844434657_n.jpg', '2017-06-17 06:18:47', '2017-06-17 06:18:47'),
(20, 3, '17238561_1335763493171877_1224547447_n.jpg', '/assets/images/portfolio/โรงแรม BWP/17238561_1335763493171877_1224547447_n.jpg', '2017-06-17 06:18:47', '2017-06-17 06:18:47'),
(21, 3, '17238653_1335763486505211_649279087_n.jpg', '/assets/images/portfolio/โรงแรม BWP/17238653_1335763486505211_649279087_n.jpg', '2017-06-17 06:18:47', '2017-06-17 06:18:47'),
(22, 3, '17238661_1335763563171870_181587815_n.jpg', '/assets/images/portfolio/โรงแรม BWP/17238661_1335763563171870_181587815_n.jpg', '2017-06-17 06:18:47', '2017-06-17 06:18:47'),
(23, 3, '17238671_1335804299834463_1238073796_n.jpg', '/assets/images/portfolio/โรงแรม BWP/17238671_1335804299834463_1238073796_n.jpg', '2017-06-17 06:18:47', '2017-06-17 06:18:47'),
(24, 3, '17238744_1335763459838547_1797959631_n.jpg', '/assets/images/portfolio/โรงแรม BWP/17238744_1335763459838547_1797959631_n.jpg', '2017-06-17 06:18:47', '2017-06-17 06:18:47'),
(25, 3, '17238819_1335804329834460_1444932174_n.jpg', '/assets/images/portfolio/โรงแรม BWP/17238819_1335804329834460_1444932174_n.jpg', '2017-06-17 06:18:47', '2017-06-17 06:18:47'),
(26, 3, '17238831_1335804426501117_916160374_n.jpg', '/assets/images/portfolio/โรงแรม BWP/17238831_1335804426501117_916160374_n.jpg', '2017-06-17 06:18:47', '2017-06-17 06:18:47'),
(27, 3, '17238874_1335763503171876_1841730192_n.jpg', '/assets/images/portfolio/โรงแรม BWP/17238874_1335763503171876_1841730192_n.jpg', '2017-06-17 06:18:47', '2017-06-17 06:18:47'),
(28, 3, '17238906_1335804443167782_1270221693_n.jpg', '/assets/images/portfolio/โรงแรม BWP/17238906_1335804443167782_1270221693_n.jpg', '2017-06-17 06:18:47', '2017-06-17 06:18:47'),
(29, 3, '17238959_1335805696500990_919391151_n.jpg', '/assets/images/portfolio/โรงแรม BWP/17238959_1335805696500990_919391151_n.jpg', '2017-06-17 06:18:47', '2017-06-17 06:18:47'),
(30, 3, '17238977_1335804263167800_1429717394_n.jpg', '/assets/images/portfolio/โรงแรม BWP/17238977_1335804263167800_1429717394_n.jpg', '2017-06-17 06:18:48', '2017-06-17 06:18:48'),
(31, 3, '17270018_1335804349834458_786499241_n.jpg', '/assets/images/portfolio/โรงแรม BWP/17270018_1335804349834458_786499241_n.jpg', '2017-06-17 06:18:48', '2017-06-17 06:18:48'),
(32, 3, '17270133_1335763406505219_662790604_n.jpg', '/assets/images/portfolio/โรงแรม BWP/17270133_1335763406505219_662790604_n.jpg', '2017-06-17 06:18:48', '2017-06-17 06:18:48'),
(33, 3, '17270217_1335805596501000_1867471518_n.jpg', '/assets/images/portfolio/โรงแรม BWP/17270217_1335805596501000_1867471518_n.jpg', '2017-06-17 06:18:48', '2017-06-17 06:18:48'),
(34, 3, '17270250_1335805543167672_1349022028_n.jpg', '/assets/images/portfolio/โรงแรม BWP/17270250_1335805543167672_1349022028_n.jpg', '2017-06-17 06:18:48', '2017-06-17 06:18:48'),
(35, 3, '17270410_1335763543171872_640496402_n.jpg', '/assets/images/portfolio/โรงแรม BWP/17270410_1335763543171872_640496402_n.jpg', '2017-06-17 06:18:48', '2017-06-17 06:18:48'),
(36, 3, '17270412_1335805516501008_2031951634_n.jpg', '/assets/images/portfolio/โรงแรม BWP/17270412_1335805516501008_2031951634_n.jpg', '2017-06-17 06:18:48', '2017-06-17 06:18:48'),
(37, 3, '17270459_1335805676500992_779757819_n.jpg', '/assets/images/portfolio/โรงแรม BWP/17270459_1335805676500992_779757819_n.jpg', '2017-06-17 06:18:48', '2017-06-17 06:18:48'),
(38, 3, '17270648_1335804266501133_389056245_n.jpg', '/assets/images/portfolio/โรงแรม BWP/17270648_1335804266501133_389056245_n.jpg', '2017-06-17 06:18:48', '2017-06-17 06:18:48'),
(39, 3, '17270864_1335804316501128_1844884121_n.jpg', '/assets/images/portfolio/โรงแรม BWP/17270864_1335804316501128_1844884121_n.jpg', '2017-06-17 06:18:48', '2017-06-17 06:18:48'),
(40, 3, '17270868_1335804303167796_1185912387_n.jpg', '/assets/images/portfolio/โรงแรม BWP/17270868_1335804303167796_1185912387_n.jpg', '2017-06-17 06:18:48', '2017-06-17 06:18:48'),
(41, 3, '17270953_1335763606505199_768801299_n.jpg', '/assets/images/portfolio/โรงแรม BWP/17270953_1335763606505199_768801299_n.jpg', '2017-06-17 06:18:48', '2017-06-17 06:18:48'),
(42, 3, '17270968_1335804319834461_1607630450_n.jpg', '/assets/images/portfolio/โรงแรม BWP/17270968_1335804319834461_1607630450_n.jpg', '2017-06-17 06:18:48', '2017-06-17 06:18:48'),
(43, 3, '17270986_1335804269834466_1464556341_n.jpg', '/assets/images/portfolio/โรงแรม BWP/17270986_1335804269834466_1464556341_n.jpg', '2017-06-17 06:18:48', '2017-06-17 06:18:48'),
(44, 3, '17274107_1335763553171871_1223767847_n.jpg', '/assets/images/portfolio/โรงแรม BWP/17274107_1335763553171871_1223767847_n.jpg', '2017-06-17 06:18:48', '2017-06-17 06:18:48'),
(45, 3, '17274123_1335804286501131_1653035107_n.jpg', '/assets/images/portfolio/โรงแรม BWP/17274123_1335804286501131_1653035107_n.jpg', '2017-06-17 06:18:48', '2017-06-17 06:18:48'),
(46, 3, '17274173_1335763579838535_1239619385_n.jpg', '/assets/images/portfolio/โรงแรม BWP/17274173_1335763579838535_1239619385_n.jpg', '2017-06-17 06:18:48', '2017-06-17 06:18:48'),
(47, 3, '17274234_1335805603167666_816445487_n.jpg', '/assets/images/portfolio/โรงแรม BWP/17274234_1335805603167666_816445487_n.jpg', '2017-06-17 06:18:48', '2017-06-17 06:18:48'),
(48, 3, '17274250_1335804386501121_1933343896_n.jpg', '/assets/images/portfolio/โรงแรม BWP/17274250_1335804386501121_1933343896_n.jpg', '2017-06-17 06:18:48', '2017-06-17 06:18:48'),
(49, 3, '17274379_1335763649838528_1978322031_n.jpg', '/assets/images/portfolio/โรงแรม BWP/17274379_1335763649838528_1978322031_n.jpg', '2017-06-17 06:18:48', '2017-06-17 06:18:48'),
(50, 3, '17274418_1335804259834467_206361184_n.jpg', '/assets/images/portfolio/โรงแรม BWP/17274418_1335804259834467_206361184_n.jpg', '2017-06-17 06:18:48', '2017-06-17 06:18:48'),
(51, 3, '17274441_1335805643167662_1119880554_n.jpg', '/assets/images/portfolio/โรงแรม BWP/17274441_1335805643167662_1119880554_n.jpg', '2017-06-17 06:18:48', '2017-06-17 06:18:48'),
(52, 3, '17274449_1335763526505207_851620032_n.jpg', '/assets/images/portfolio/โรงแรม BWP/17274449_1335763526505207_851620032_n.jpg', '2017-06-17 06:18:48', '2017-06-17 06:18:48'),
(53, 3, '17274505_1335804346501125_2056383267_n.jpg', '/assets/images/portfolio/โรงแรม BWP/17274505_1335804346501125_2056383267_n.jpg', '2017-06-17 06:18:48', '2017-06-17 06:18:48'),
(54, 3, '17274679_1335804339834459_520396599_n.jpg', '/assets/images/portfolio/โรงแรม BWP/17274679_1335804339834459_520396599_n.jpg', '2017-06-17 06:18:49', '2017-06-17 06:18:49'),
(55, 3, '17274712_1335804323167794_827658544_n.jpg', '/assets/images/portfolio/โรงแรม BWP/17274712_1335804323167794_827658544_n.jpg', '2017-06-17 06:18:49', '2017-06-17 06:18:49'),
(56, 3, '17274718_1335805526501007_1643944355_n.jpg', '/assets/images/portfolio/โรงแรม BWP/17274718_1335805526501007_1643944355_n.jpg', '2017-06-17 06:18:49', '2017-06-17 06:18:49'),
(57, 3, '17274763_1335805639834329_1333344079_n.jpg', '/assets/images/portfolio/โรงแรม BWP/17274763_1335805639834329_1333344079_n.jpg', '2017-06-17 06:18:49', '2017-06-17 06:18:49'),
(58, 3, '17274777_1335763629838530_695762495_n.jpg', '/assets/images/portfolio/โรงแรม BWP/17274777_1335763629838530_695762495_n.jpg', '2017-06-17 06:18:49', '2017-06-17 06:18:49'),
(59, 3, '17274817_1335763659838527_359150709_n.jpg', '/assets/images/portfolio/โรงแรม BWP/17274817_1335763659838527_359150709_n.jpg', '2017-06-17 06:18:49', '2017-06-17 06:18:49'),
(60, 3, '17274890_1335805549834338_1246134338_n.jpg', '/assets/images/portfolio/โรงแรม BWP/17274890_1335805549834338_1246134338_n.jpg', '2017-06-17 06:18:49', '2017-06-17 06:18:49'),
(61, 3, '17275001_1335763489838544_1157759722_n.jpg', '/assets/images/portfolio/โรงแรม BWP/17275001_1335763489838544_1157759722_n.jpg', '2017-06-17 06:18:49', '2017-06-17 06:18:49'),
(62, 3, '17275054_1335763513171875_550227827_n.jpg', '/assets/images/portfolio/โรงแรม BWP/17275054_1335763513171875_550227827_n.jpg', '2017-06-17 06:18:49', '2017-06-17 06:18:49'),
(63, 3, '17275057_1335804343167792_994298745_n.jpg', '/assets/images/portfolio/โรงแรม BWP/17275057_1335804343167792_994298745_n.jpg', '2017-06-17 06:18:49', '2017-06-17 06:18:49'),
(64, 3, '17321362_1335763499838543_2072288246_n.jpg', '/assets/images/portfolio/โรงแรม BWP/17321362_1335763499838543_2072288246_n.jpg', '2017-06-17 06:18:49', '2017-06-17 06:18:49'),
(65, 3, '17321369_1335763663171860_1987050269_n.jpg', '/assets/images/portfolio/โรงแรม BWP/17321369_1335763663171860_1987050269_n.jpg', '2017-06-17 06:18:49', '2017-06-17 06:18:49'),
(66, 3, '17321393_1335763596505200_548938277_n.jpg', '/assets/images/portfolio/โรงแรม BWP/17321393_1335763596505200_548938277_n.jpg', '2017-06-17 06:18:49', '2017-06-17 06:18:49'),
(67, 3, '17321397_1335805686500991_905938123_n.jpg', '/assets/images/portfolio/โรงแรม BWP/17321397_1335805686500991_905938123_n.jpg', '2017-06-17 06:18:49', '2017-06-17 06:18:49'),
(68, 3, '17321487_1335763529838540_989248296_n.jpg', '/assets/images/portfolio/โรงแรม BWP/17321487_1335763529838540_989248296_n.jpg', '2017-06-17 06:18:49', '2017-06-17 06:18:49'),
(69, 3, '17321532_1335763556505204_339609074_n.jpg', '/assets/images/portfolio/โรงแรม BWP/17321532_1335763556505204_339609074_n.jpg', '2017-06-17 06:18:49', '2017-06-17 06:18:49'),
(70, 3, '17321589_1335805566501003_453942014_n.jpg', '/assets/images/portfolio/โรงแรม BWP/17321589_1335805566501003_453942014_n.jpg', '2017-06-17 06:18:49', '2017-06-17 06:18:49'),
(71, 3, '17321656_1335763473171879_896774391_n.jpg', '/assets/images/portfolio/โรงแรม BWP/17321656_1335763473171879_896774391_n.jpg', '2017-06-17 06:18:49', '2017-06-17 06:18:49'),
(72, 3, '17321734_1335805576501002_501773312_n.jpg', '/assets/images/portfolio/โรงแรม BWP/17321734_1335805576501002_501773312_n.jpg', '2017-06-17 06:18:49', '2017-06-17 06:18:49'),
(73, 3, '17321746_1335804289834464_230353247_n.jpg', '/assets/images/portfolio/โรงแรม BWP/17321746_1335804289834464_230353247_n.jpg', '2017-06-17 06:18:49', '2017-06-17 06:18:49'),
(74, 4, '17238544_1387936771265613_418349757_n.jpg', '/assets/images/portfolio/โรงแรมเอกมัย ข้างวัดธาตุทอง/17238544_1387936771265613_418349757_n.jpg', '2017-06-17 06:19:16', '2017-06-17 06:19:16'),
(75, 4, '17238550_1387936511265639_820546073_n.jpg', '/assets/images/portfolio/โรงแรมเอกมัย ข้างวัดธาตุทอง/17238550_1387936511265639_820546073_n.jpg', '2017-06-17 06:19:16', '2017-06-17 06:19:16'),
(76, 4, '17238607_1387937244598899_401926129_n.jpg', '/assets/images/portfolio/โรงแรมเอกมัย ข้างวัดธาตุทอง/17238607_1387937244598899_401926129_n.jpg', '2017-06-17 06:19:16', '2017-06-17 06:19:16'),
(77, 4, '17238649_1387937084598915_130593401_n.jpg', '/assets/images/portfolio/โรงแรมเอกมัย ข้างวัดธาตุทอง/17238649_1387937084598915_130593401_n.jpg', '2017-06-17 06:19:16', '2017-06-17 06:19:16'),
(78, 4, '17238818_1387936937932263_286289208_n.jpg', '/assets/images/portfolio/โรงแรมเอกมัย ข้างวัดธาตุทอง/17238818_1387936937932263_286289208_n.jpg', '2017-06-17 06:19:16', '2017-06-17 06:19:16'),
(79, 4, '17238904_1387936997932257_996200474_n.jpg', '/assets/images/portfolio/โรงแรมเอกมัย ข้างวัดธาตุทอง/17238904_1387936997932257_996200474_n.jpg', '2017-06-17 06:19:16', '2017-06-17 06:19:16'),
(80, 4, '17238943_1387937174598906_1952830630_n.jpg', '/assets/images/portfolio/โรงแรมเอกมัย ข้างวัดธาตุทอง/17238943_1387937174598906_1952830630_n.jpg', '2017-06-17 06:19:16', '2017-06-17 06:19:16'),
(81, 4, '17270092_1387936907932266_1324808282_n.jpg', '/assets/images/portfolio/โรงแรมเอกมัย ข้างวัดธาตุทอง/17270092_1387936907932266_1324808282_n.jpg', '2017-06-17 06:19:16', '2017-06-17 06:19:16'),
(82, 4, '17270102_1387936744598949_1113112013_n.jpg', '/assets/images/portfolio/โรงแรมเอกมัย ข้างวัดธาตุทอง/17270102_1387936744598949_1113112013_n.jpg', '2017-06-17 06:19:16', '2017-06-17 06:19:16'),
(83, 4, '17270180_1387936847932272_1572932949_n.jpg', '/assets/images/portfolio/โรงแรมเอกมัย ข้างวัดธาตุทอง/17270180_1387936847932272_1572932949_n.jpg', '2017-06-17 06:19:16', '2017-06-17 06:19:16'),
(84, 4, '17270207_1387936981265592_1274412809_n.jpg', '/assets/images/portfolio/โรงแรมเอกมัย ข้างวัดธาตุทอง/17270207_1387936981265592_1274412809_n.jpg', '2017-06-17 06:19:16', '2017-06-17 06:19:16'),
(85, 4, '17270294_1387937074598916_1010959506_n.jpg', '/assets/images/portfolio/โรงแรมเอกมัย ข้างวัดธาตุทอง/17270294_1387937074598916_1010959506_n.jpg', '2017-06-17 06:19:16', '2017-06-17 06:19:16'),
(86, 4, '17270363_1387937151265575_2070054058_n.jpg', '/assets/images/portfolio/โรงแรมเอกมัย ข้างวัดธาตุทอง/17270363_1387937151265575_2070054058_n.jpg', '2017-06-17 06:19:16', '2017-06-17 06:19:16'),
(87, 4, '17270465_1387936867932270_1511941524_n.jpg', '/assets/images/portfolio/โรงแรมเอกมัย ข้างวัดธาตุทอง/17270465_1387936867932270_1511941524_n.jpg', '2017-06-17 06:19:16', '2017-06-17 06:19:16'),
(88, 4, '17274061_1387937104598913_334639542_n.jpg', '/assets/images/portfolio/โรงแรมเอกมัย ข้างวัดธาตุทอง/17274061_1387937104598913_334639542_n.jpg', '2017-06-17 06:19:16', '2017-06-17 06:19:16'),
(89, 4, '17274127_1387936961265594_1688611356_n.jpg', '/assets/images/portfolio/โรงแรมเอกมัย ข้างวัดธาตุทอง/17274127_1387936961265594_1688611356_n.jpg', '2017-06-17 06:19:16', '2017-06-17 06:19:16'),
(90, 4, '17274514_1387936787932278_545744555_n.jpg', '/assets/images/portfolio/โรงแรมเอกมัย ข้างวัดธาตุทอง/17274514_1387936787932278_545744555_n.jpg', '2017-06-17 06:19:16', '2017-06-17 06:19:16'),
(91, 4, '17274601_1387937064598917_646060488_n.jpg', '/assets/images/portfolio/โรงแรมเอกมัย ข้างวัดธาตุทอง/17274601_1387937064598917_646060488_n.jpg', '2017-06-17 06:19:17', '2017-06-17 06:19:17'),
(92, 4, '17274608_1387936477932309_725069916_n.jpg', '/assets/images/portfolio/โรงแรมเอกมัย ข้างวัดธาตุทอง/17274608_1387936477932309_725069916_n.jpg', '2017-06-17 06:19:17', '2017-06-17 06:19:17'),
(93, 4, '17274672_1387937117932245_604037993_n.jpg', '/assets/images/portfolio/โรงแรมเอกมัย ข้างวัดธาตุทอง/17274672_1387937117932245_604037993_n.jpg', '2017-06-17 06:19:17', '2017-06-17 06:19:17'),
(94, 4, '17274795_1387937051265585_1445306911_n.jpg', '/assets/images/portfolio/โรงแรมเอกมัย ข้างวัดธาตุทอง/17274795_1387937051265585_1445306911_n.jpg', '2017-06-17 06:19:17', '2017-06-17 06:19:17'),
(95, 4, '17274889_1387937137932243_1663029976_n.jpg', '/assets/images/portfolio/โรงแรมเอกมัย ข้างวัดธาตุทอง/17274889_1387937137932243_1663029976_n.jpg', '2017-06-17 06:19:17', '2017-06-17 06:19:17'),
(96, 4, '17274968_1387936897932267_1099374923_n.jpg', '/assets/images/portfolio/โรงแรมเอกมัย ข้างวัดธาตุทอง/17274968_1387936897932267_1099374923_n.jpg', '2017-06-17 06:19:17', '2017-06-17 06:19:17'),
(97, 4, '17275020_1387936757932281_1335523253_n.jpg', '/assets/images/portfolio/โรงแรมเอกมัย ข้างวัดธาตุทอง/17275020_1387936757932281_1335523253_n.jpg', '2017-06-17 06:19:17', '2017-06-17 06:19:17'),
(98, 4, '17275029_1387937204598903_802409629_n.jpg', '/assets/images/portfolio/โรงแรมเอกมัย ข้างวัดธาตุทอง/17275029_1387937204598903_802409629_n.jpg', '2017-06-17 06:19:17', '2017-06-17 06:19:17'),
(99, 4, '17321382_1387937024598921_1902185925_n.jpg', '/assets/images/portfolio/โรงแรมเอกมัย ข้างวัดธาตุทอง/17321382_1387937024598921_1902185925_n.jpg', '2017-06-17 06:19:17', '2017-06-17 06:19:17'),
(100, 5, '17238399_1387931814599442_185103187_n.jpg', '/assets/images/portfolio/โรงงาน โคราช/17238399_1387931814599442_185103187_n.jpg', '2017-06-17 06:20:29', '2017-06-17 06:20:29'),
(101, 5, '17238957_1387931497932807_566848369_n.jpg', '/assets/images/portfolio/โรงงาน โคราช/17238957_1387931497932807_566848369_n.jpg', '2017-06-17 06:20:29', '2017-06-17 06:20:29'),
(102, 5, '17270418_1387931484599475_2013531848_n.jpg', '/assets/images/portfolio/โรงงาน โคราช/17270418_1387931484599475_2013531848_n.jpg', '2017-06-17 06:20:29', '2017-06-17 06:20:29'),
(103, 5, '17270593_1387931674599456_107957853_n.jpg', '/assets/images/portfolio/โรงงาน โคราช/17270593_1387931674599456_107957853_n.jpg', '2017-06-17 06:20:29', '2017-06-17 06:20:29'),
(104, 5, '17274202_1387931684599455_1677619749_n.jpg', '/assets/images/portfolio/โรงงาน โคราช/17274202_1387931684599455_1677619749_n.jpg', '2017-06-17 06:20:29', '2017-06-17 06:20:29'),
(105, 5, '17274273_1387931581266132_1775123080_n.jpg', '/assets/images/portfolio/โรงงาน โคราช/17274273_1387931581266132_1775123080_n.jpg', '2017-06-17 06:20:29', '2017-06-17 06:20:29'),
(106, 5, '17274273_1387931731266117_824746758_n.jpg', '/assets/images/portfolio/โรงงาน โคราช/17274273_1387931731266117_824746758_n.jpg', '2017-06-17 06:20:29', '2017-06-17 06:20:29'),
(107, 5, '17274442_1387931834599440_1904250307_n.jpg', '/assets/images/portfolio/โรงงาน โคราช/17274442_1387931834599440_1904250307_n.jpg', '2017-06-17 06:20:29', '2017-06-17 06:20:29'),
(108, 5, '17274464_1387931757932781_959000211_n.jpg', '/assets/images/portfolio/โรงงาน โคราช/17274464_1387931757932781_959000211_n.jpg', '2017-06-17 06:20:29', '2017-06-17 06:20:29'),
(109, 5, '17274636_1387931517932805_1255677759_n.jpg', '/assets/images/portfolio/โรงงาน โคราช/17274636_1387931517932805_1255677759_n.jpg', '2017-06-17 06:20:29', '2017-06-17 06:20:29'),
(110, 5, '17274908_1387931597932797_871908266_n.jpg', '/assets/images/portfolio/โรงงาน โคราช/17274908_1387931597932797_871908266_n.jpg', '2017-06-17 06:20:29', '2017-06-17 06:20:29'),
(111, 5, '17275013_1387931651266125_812232950_n.jpg', '/assets/images/portfolio/โรงงาน โคราช/17275013_1387931651266125_812232950_n.jpg', '2017-06-17 06:20:29', '2017-06-17 06:20:29'),
(112, 5, '17321379_1387931901266100_1283131536_n.jpg', '/assets/images/portfolio/โรงงาน โคราช/17321379_1387931901266100_1283131536_n.jpg', '2017-06-17 06:20:29', '2017-06-17 06:20:29'),
(113, 5, '17321541_1387931887932768_1721182023_n.jpg', '/assets/images/portfolio/โรงงาน โคราช/17321541_1387931887932768_1721182023_n.jpg', '2017-06-17 06:20:29', '2017-06-17 06:20:29'),
(114, 5, '17321557_1387931941266096_1829605428_n.jpg', '/assets/images/portfolio/โรงงาน โคราช/17321557_1387931941266096_1829605428_n.jpg', '2017-06-17 06:20:29', '2017-06-17 06:20:29'),
(115, 5, '17321612_1387931617932795_1827622642_n (1).jpg', '/assets/images/portfolio/โรงงาน โคราช/17321612_1387931617932795_1827622642_n (1).jpg', '2017-06-17 06:20:29', '2017-06-17 06:20:29'),
(116, 5, '17321612_1387931617932795_1827622642_n.jpg', '/assets/images/portfolio/โรงงาน โคราช/17321612_1387931617932795_1827622642_n.jpg', '2017-06-17 06:20:30', '2017-06-17 06:20:30'),
(117, 5, '17321696_1387931867932770_820323806_n.jpg', '/assets/images/portfolio/โรงงาน โคราช/17321696_1387931867932770_820323806_n.jpg', '2017-06-17 06:20:30', '2017-06-17 06:20:30'),
(118, 5, '17321727_1387931981266092_861682929_n.jpg', '/assets/images/portfolio/โรงงาน โคราช/17321727_1387931981266092_861682929_n.jpg', '2017-06-17 06:20:30', '2017-06-17 06:20:30'),
(119, 5, '17321735_1387931797932777_1674404114_n.jpg', '/assets/images/portfolio/โรงงาน โคราช/17321735_1387931797932777_1674404114_n.jpg', '2017-06-17 06:20:30', '2017-06-17 06:20:30'),
(120, 5, '17321762_1387931707932786_1035108194_n.jpg', '/assets/images/portfolio/โรงงาน โคราช/17321762_1387931707932786_1035108194_n.jpg', '2017-06-17 06:20:30', '2017-06-17 06:20:30'),
(121, 6, '17238715_1387929671266323_468064830_n.jpg', '/assets/images/portfolio/คอนโด ฟิวส์ ถนนจันทร์/17238715_1387929671266323_468064830_n.jpg', '2017-06-17 06:20:43', '2017-06-17 06:20:43'),
(122, 6, '17238733_1387929894599634_580131771_n.jpg', '/assets/images/portfolio/คอนโด ฟิวส์ ถนนจันทร์/17238733_1387929894599634_580131771_n.jpg', '2017-06-17 06:20:44', '2017-06-17 06:20:44'),
(123, 6, '17238916_1387929784599645_68763818_n.jpg', '/assets/images/portfolio/คอนโด ฟิวส์ ถนนจันทร์/17238916_1387929784599645_68763818_n.jpg', '2017-06-17 06:20:44', '2017-06-17 06:20:44'),
(124, 6, '17270107_1387930004599623_404775740_n.jpg', '/assets/images/portfolio/คอนโด ฟิวส์ ถนนจันทร์/17270107_1387930004599623_404775740_n.jpg', '2017-06-17 06:20:44', '2017-06-17 06:20:44'),
(125, 6, '17270115_1387929937932963_97628033_n.jpg', '/assets/images/portfolio/คอนโด ฟิวส์ ถนนจันทร์/17270115_1387929937932963_97628033_n.jpg', '2017-06-17 06:20:44', '2017-06-17 06:20:44'),
(126, 6, '17270507_1387930077932949_317368910_n.jpg', '/assets/images/portfolio/คอนโด ฟิวส์ ถนนจันทร์/17270507_1387930077932949_317368910_n.jpg', '2017-06-17 06:20:44', '2017-06-17 06:20:44'),
(127, 6, '17274346_1387929861266304_330688236_n.jpg', '/assets/images/portfolio/คอนโด ฟิวส์ ถนนจันทร์/17274346_1387929861266304_330688236_n.jpg', '2017-06-17 06:20:44', '2017-06-17 06:20:44'),
(128, 6, '17274505_1387929804599643_1952683929_n.jpg', '/assets/images/portfolio/คอนโด ฟิวส์ ถนนจันทร์/17274505_1387929804599643_1952683929_n.jpg', '2017-06-17 06:20:44', '2017-06-17 06:20:44'),
(129, 6, '17274684_1387929737932983_1435452028_n.jpg', '/assets/images/portfolio/คอนโด ฟิวส์ ถนนจันทร์/17274684_1387929737932983_1435452028_n.jpg', '2017-06-17 06:20:44', '2017-06-17 06:20:44'),
(130, 6, '17274795_1387930171266273_1523735068_n.jpg', '/assets/images/portfolio/คอนโด ฟิวส์ ถนนจันทร์/17274795_1387930171266273_1523735068_n.jpg', '2017-06-17 06:20:44', '2017-06-17 06:20:44'),
(131, 6, '17274844_1387929967932960_400858603_n.jpg', '/assets/images/portfolio/คอนโด ฟิวส์ ถนนจันทร์/17274844_1387929967932960_400858603_n.jpg', '2017-06-17 06:20:44', '2017-06-17 06:20:44'),
(132, 6, '17274996_1387929837932973_202873240_n.jpg', '/assets/images/portfolio/คอนโด ฟิวส์ ถนนจันทร์/17274996_1387929837932973_202873240_n.jpg', '2017-06-17 06:20:44', '2017-06-17 06:20:44'),
(133, 6, '17321598_1387929644599659_1847414888_n.jpg', '/assets/images/portfolio/คอนโด ฟิวส์ ถนนจันทร์/17321598_1387929644599659_1847414888_n.jpg', '2017-06-17 06:20:44', '2017-06-17 06:20:44'),
(134, 6, '17321752_1387929821266308_1873853412_n.jpg', '/assets/images/portfolio/คอนโด ฟิวส์ ถนนจันทร์/17321752_1387929821266308_1873853412_n.jpg', '2017-06-17 06:20:44', '2017-06-17 06:20:44'),
(135, 7, '17270989_1387930317932925_1894845058_n.jpg', '/assets/images/portfolio/ตู้รองเท้าถนนศรีนครินทร์/17270989_1387930317932925_1894845058_n.jpg', '2017-06-17 06:22:06', '2017-06-17 06:22:06'),
(136, 7, '17274101_1387930404599583_1512020861_n.jpg', '/assets/images/portfolio/ตู้รองเท้าถนนศรีนครินทร์/17274101_1387930404599583_1512020861_n.jpg', '2017-06-17 06:22:06', '2017-06-17 06:22:06'),
(137, 7, '17274563_1387930254599598_1343808093_n.jpg', '/assets/images/portfolio/ตู้รองเท้าถนนศรีนครินทร์/17274563_1387930254599598_1343808093_n.jpg', '2017-06-17 06:22:06', '2017-06-17 06:22:06'),
(138, 7, '17321773_1387930344599589_1110771910_n.jpg', '/assets/images/portfolio/ตู้รองเท้าถนนศรีนครินทร์/17321773_1387930344599589_1110771910_n.jpg', '2017-06-17 06:22:06', '2017-06-17 06:22:06'),
(139, 8, '17238501_1387929614599662_1103840591_n.jpg', '/assets/images/portfolio/บ้านคุณแอ๊ว พระประแดง/17238501_1387929614599662_1103840591_n.jpg', '2017-06-17 06:22:23', '2017-06-17 06:22:23'),
(140, 8, '17270016_1387929714599652_1561994010_n.jpg', '/assets/images/portfolio/บ้านคุณแอ๊ว พระประแดง/17270016_1387929714599652_1561994010_n.jpg', '2017-06-17 06:22:24', '2017-06-17 06:22:24'),
(141, 8, '17270137_1387929604599663_1258358918_n.jpg', '/assets/images/portfolio/บ้านคุณแอ๊ว พระประแดง/17270137_1387929604599663_1258358918_n.jpg', '2017-06-17 06:22:24', '2017-06-17 06:22:24'),
(142, 8, '17270419_1387929631266327_1731246408_n.jpg', '/assets/images/portfolio/บ้านคุณแอ๊ว พระประแดง/17270419_1387929631266327_1731246408_n.jpg', '2017-06-17 06:22:24', '2017-06-17 06:22:24'),
(143, 8, '17274476_1387929504599673_1684546611_n.jpg', '/assets/images/portfolio/บ้านคุณแอ๊ว พระประแดง/17274476_1387929504599673_1684546611_n.jpg', '2017-06-17 06:22:24', '2017-06-17 06:22:24'),
(144, 8, '17321501_1387929534599670_50927416_n.jpg', '/assets/images/portfolio/บ้านคุณแอ๊ว พระประแดง/17321501_1387929534599670_50927416_n.jpg', '2017-06-17 06:22:24', '2017-06-17 06:22:24'),
(145, 9, '17238218_1387932794599344_151283671_n.jpg', '/assets/images/portfolio/บ้านอยุธยา/17238218_1387932794599344_151283671_n.jpg', '2017-06-17 06:22:39', '2017-06-17 06:22:39'),
(146, 9, '17238521_1387932034599420_1093762949_n.jpg', '/assets/images/portfolio/บ้านอยุธยา/17238521_1387932034599420_1093762949_n.jpg', '2017-06-17 06:22:39', '2017-06-17 06:22:39'),
(147, 9, '17238532_1387932357932721_249615639_n.jpg', '/assets/images/portfolio/บ้านอยุธยา/17238532_1387932357932721_249615639_n.jpg', '2017-06-17 06:22:39', '2017-06-17 06:22:39'),
(148, 9, '17238539_1387932157932741_846458503_n.jpg', '/assets/images/portfolio/บ้านอยุธยา/17238539_1387932157932741_846458503_n.jpg', '2017-06-17 06:22:39', '2017-06-17 06:22:39'),
(149, 9, '17238558_1387933154599308_1234855063_n.jpg', '/assets/images/portfolio/บ้านอยุธยา/17238558_1387933154599308_1234855063_n.jpg', '2017-06-17 06:22:39', '2017-06-17 06:22:39'),
(150, 9, '17238563_1387934894599134_1484255518_n.jpg', '/assets/images/portfolio/บ้านอยุธยา/17238563_1387934894599134_1484255518_n.jpg', '2017-06-17 06:22:39', '2017-06-17 06:22:39'),
(151, 9, '17238693_1387933357932621_424854349_n.jpg', '/assets/images/portfolio/บ้านอยุธยา/17238693_1387933357932621_424854349_n.jpg', '2017-06-17 06:22:39', '2017-06-17 06:22:39'),
(152, 9, '17238732_1387932937932663_1899597014_n.jpg', '/assets/images/portfolio/บ้านอยุธยา/17238732_1387932937932663_1899597014_n.jpg', '2017-06-17 06:22:39', '2017-06-17 06:22:39'),
(153, 9, '17238807_1387932237932733_514317877_n.jpg', '/assets/images/portfolio/บ้านอยุธยา/17238807_1387932237932733_514317877_n.jpg', '2017-06-17 06:22:39', '2017-06-17 06:22:39'),
(154, 9, '17238808_1387933517932605_1647504890_n.jpg', '/assets/images/portfolio/บ้านอยุธยา/17238808_1387933517932605_1647504890_n.jpg', '2017-06-17 06:22:39', '2017-06-17 06:22:39'),
(155, 9, '17238826_1387932301266060_1631520517_n.jpg', '/assets/images/portfolio/บ้านอยุธยา/17238826_1387932301266060_1631520517_n.jpg', '2017-06-17 06:22:39', '2017-06-17 06:22:39'),
(156, 9, '17238856_1387932184599405_1025236380_n.jpg', '/assets/images/portfolio/บ้านอยุธยา/17238856_1387932184599405_1025236380_n.jpg', '2017-06-17 06:22:39', '2017-06-17 06:22:39'),
(157, 9, '17238968_1387933417932615_1440119018_n.jpg', '/assets/images/portfolio/บ้านอยุธยา/17238968_1387933417932615_1440119018_n.jpg', '2017-06-17 06:22:39', '2017-06-17 06:22:39'),
(158, 9, '17238976_1387933271265963_120306510_n.jpg', '/assets/images/portfolio/บ้านอยุธยา/17238976_1387933271265963_120306510_n.jpg', '2017-06-17 06:22:39', '2017-06-17 06:22:39'),
(159, 9, '17270040_1387932634599360_2059209135_n.jpg', '/assets/images/portfolio/บ้านอยุธยา/17270040_1387932634599360_2059209135_n.jpg', '2017-06-17 06:22:39', '2017-06-17 06:22:39'),
(160, 9, '17270052_1387932277932729_1523229914_n.jpg', '/assets/images/portfolio/บ้านอยุธยา/17270052_1387932277932729_1523229914_n.jpg', '2017-06-17 06:22:39', '2017-06-17 06:22:39'),
(161, 9, '17270069_1387932877932669_523496388_n.jpg', '/assets/images/portfolio/บ้านอยุธยา/17270069_1387932877932669_523496388_n.jpg', '2017-06-17 06:22:39', '2017-06-17 06:22:39'),
(162, 9, '17270114_1387932497932707_1012935268_n.jpg', '/assets/images/portfolio/บ้านอยุธยา/17270114_1387932497932707_1012935268_n.jpg', '2017-06-17 06:22:39', '2017-06-17 06:22:39'),
(163, 9, '17270122_1387932841266006_1852392075_n.jpg', '/assets/images/portfolio/บ้านอยุธยา/17270122_1387932841266006_1852392075_n.jpg', '2017-06-17 06:22:40', '2017-06-17 06:22:40'),
(164, 9, '17270160_1387932744599349_1775247234_n.jpg', '/assets/images/portfolio/บ้านอยุธยา/17270160_1387932744599349_1775247234_n.jpg', '2017-06-17 06:22:40', '2017-06-17 06:22:40'),
(165, 9, '17270168_1387932584599365_91376153_n.jpg', '/assets/images/portfolio/บ้านอยุธยา/17270168_1387932584599365_91376153_n.jpg', '2017-06-17 06:22:40', '2017-06-17 06:22:40'),
(166, 9, '17270304_1387932221266068_633529747_n.jpg', '/assets/images/portfolio/บ้านอยุธยา/17270304_1387932221266068_633529747_n.jpg', '2017-06-17 06:22:40', '2017-06-17 06:22:40'),
(167, 9, '17270316_1387933091265981_1609452613_n.jpg', '/assets/images/portfolio/บ้านอยุธยา/17270316_1387933091265981_1609452613_n.jpg', '2017-06-17 06:22:40', '2017-06-17 06:22:40'),
(168, 9, '17270331_1387932331266057_668784925_n.jpg', '/assets/images/portfolio/บ้านอยุธยา/17270331_1387932331266057_668784925_n.jpg', '2017-06-17 06:22:40', '2017-06-17 06:22:40'),
(169, 9, '17270346_1387933341265956_695136642_n.jpg', '/assets/images/portfolio/บ้านอยุธยา/17270346_1387933341265956_695136642_n.jpg', '2017-06-17 06:22:40', '2017-06-17 06:22:40'),
(170, 9, '17270363_1387932137932743_424105361_n.jpg', '/assets/images/portfolio/บ้านอยุธยา/17270363_1387932137932743_424105361_n.jpg', '2017-06-17 06:22:40', '2017-06-17 06:22:40'),
(171, 9, '17270409_1387933034599320_983975344_n.jpg', '/assets/images/portfolio/บ้านอยุธยา/17270409_1387933034599320_983975344_n.jpg', '2017-06-17 06:22:40', '2017-06-17 06:22:40'),
(172, 9, '17270496_1387932977932659_1682492760_n.jpg', '/assets/images/portfolio/บ้านอยุธยา/17270496_1387932977932659_1682492760_n.jpg', '2017-06-17 06:22:40', '2017-06-17 06:22:40'),
(173, 9, '17270535_1387932091266081_1548093112_n.jpg', '/assets/images/portfolio/บ้านอยุธยา/17270535_1387932091266081_1548093112_n.jpg', '2017-06-17 06:22:40', '2017-06-17 06:22:40'),
(174, 9, '17270602_1387933081265982_566557048_n.jpg', '/assets/images/portfolio/บ้านอยุธยา/17270602_1387933081265982_566557048_n.jpg', '2017-06-17 06:22:40', '2017-06-17 06:22:40'),
(175, 9, '17270614_1387932757932681_1442094087_n.jpg', '/assets/images/portfolio/บ้านอยุธยา/17270614_1387932757932681_1442094087_n.jpg', '2017-06-17 06:22:40', '2017-06-17 06:22:40'),
(176, 9, '17270730_1387933037932653_584816920_n.jpg', '/assets/images/portfolio/บ้านอยุธยา/17270730_1387933037932653_584816920_n.jpg', '2017-06-17 06:22:40', '2017-06-17 06:22:40'),
(177, 9, '17270894_1387932917932665_1351849378_n.jpg', '/assets/images/portfolio/บ้านอยุธยา/17270894_1387932917932665_1351849378_n.jpg', '2017-06-17 06:22:40', '2017-06-17 06:22:40'),
(178, 9, '17270957_1387933541265936_1291609553_n.jpg', '/assets/images/portfolio/บ้านอยุธยา/17270957_1387933541265936_1291609553_n.jpg', '2017-06-17 06:22:40', '2017-06-17 06:22:40'),
(179, 9, '17270969_1387934881265802_1093001418_n.jpg', '/assets/images/portfolio/บ้านอยุธยา/17270969_1387934881265802_1093001418_n.jpg', '2017-06-17 06:22:40', '2017-06-17 06:22:40'),
(180, 9, '17274064_1387933244599299_1034859078_n.jpg', '/assets/images/portfolio/บ้านอยุธยา/17274064_1387933244599299_1034859078_n.jpg', '2017-06-17 06:22:40', '2017-06-17 06:22:40'),
(181, 9, '17274072_1387933124599311_1916594384_n (1).jpg', '/assets/images/portfolio/บ้านอยุธยา/17274072_1387933124599311_1916594384_n (1).jpg', '2017-06-17 06:22:40', '2017-06-17 06:22:40'),
(182, 9, '17274072_1387933124599311_1916594384_n.jpg', '/assets/images/portfolio/บ้านอยุธยา/17274072_1387933124599311_1916594384_n.jpg', '2017-06-17 06:22:40', '2017-06-17 06:22:40'),
(183, 9, '17274078_1387932007932756_665757463_n.jpg', '/assets/images/portfolio/บ้านอยุธยา/17274078_1387932007932756_665757463_n.jpg', '2017-06-17 06:22:40', '2017-06-17 06:22:40'),
(184, 9, '17274105_1387932477932709_1993237205_n.jpg', '/assets/images/portfolio/บ้านอยุธยา/17274105_1387932477932709_1993237205_n.jpg', '2017-06-17 06:22:40', '2017-06-17 06:22:40'),
(185, 9, '17274109_1387932724599351_573323650_n.jpg', '/assets/images/portfolio/บ้านอยุธยา/17274109_1387932724599351_573323650_n.jpg', '2017-06-17 06:22:40', '2017-06-17 06:22:40'),
(186, 9, '17274166_1387932901266000_1371374246_n.jpg', '/assets/images/portfolio/บ้านอยุธยา/17274166_1387932901266000_1371374246_n.jpg', '2017-06-17 06:22:40', '2017-06-17 06:22:40'),
(187, 9, '17274193_1387932554599368_1263364644_n.jpg', '/assets/images/portfolio/บ้านอยุธยา/17274193_1387932554599368_1263364644_n.jpg', '2017-06-17 06:22:40', '2017-06-17 06:22:40'),
(188, 9, '17274291_1387932531266037_462216831_n.jpg', '/assets/images/portfolio/บ้านอยุธยา/17274291_1387932531266037_462216831_n.jpg', '2017-06-17 06:22:40', '2017-06-17 06:22:40'),
(189, 9, '17274337_1387933574599266_581293852_n.jpg', '/assets/images/portfolio/บ้านอยุธยา/17274337_1387933574599266_581293852_n.jpg', '2017-06-17 06:22:40', '2017-06-17 06:22:40'),
(190, 9, '17274357_1387932774599346_1815501772_n.jpg', '/assets/images/portfolio/บ้านอยุธยา/17274357_1387932774599346_1815501772_n.jpg', '2017-06-17 06:22:40', '2017-06-17 06:22:40'),
(191, 9, '17274408_1387933564599267_22504677_n.jpg', '/assets/images/portfolio/บ้านอยุธยา/17274408_1387933564599267_22504677_n.jpg', '2017-06-17 06:22:40', '2017-06-17 06:22:40'),
(192, 9, '17274420_1387933177932639_639386966_n.jpg', '/assets/images/portfolio/บ้านอยุธยา/17274420_1387933177932639_639386966_n.jpg', '2017-06-17 06:22:40', '2017-06-17 06:22:40'),
(193, 9, '17274422_1387933451265945_1123000204_n.jpg', '/assets/images/portfolio/บ้านอยุธยา/17274422_1387933451265945_1123000204_n.jpg', '2017-06-17 06:22:41', '2017-06-17 06:22:41'),
(194, 9, '17274429_1387932607932696_1105127967_n.jpg', '/assets/images/portfolio/บ้านอยุธยา/17274429_1387932607932696_1105127967_n.jpg', '2017-06-17 06:22:41', '2017-06-17 06:22:41'),
(195, 9, '17274445_1387932204599403_1652504381_n.jpg', '/assets/images/portfolio/บ้านอยุธยา/17274445_1387932204599403_1652504381_n.jpg', '2017-06-17 06:22:41', '2017-06-17 06:22:41'),
(196, 9, '17274459_1387932107932746_1510914400_n.jpg', '/assets/images/portfolio/บ้านอยุธยา/17274459_1387932107932746_1510914400_n.jpg', '2017-06-17 06:22:41', '2017-06-17 06:22:41'),
(197, 9, '17274541_1387932457932711_983115862_n.jpg', '/assets/images/portfolio/บ้านอยุธยา/17274541_1387932457932711_983115862_n.jpg', '2017-06-17 06:22:41', '2017-06-17 06:22:41'),
(198, 9, '17274576_1387933504599273_1877342280_n.jpg', '/assets/images/portfolio/บ้านอยุธยา/17274576_1387933504599273_1877342280_n.jpg', '2017-06-17 06:22:41', '2017-06-17 06:22:41'),
(199, 9, '17274622_1387933387932618_198448444_n.jpg', '/assets/images/portfolio/บ้านอยุธยา/17274622_1387933387932618_198448444_n.jpg', '2017-06-17 06:22:41', '2017-06-17 06:22:41'),
(200, 9, '17274751_1387932627932694_1447653111_n.jpg', '/assets/images/portfolio/บ้านอยุธยา/17274751_1387932627932694_1447653111_n.jpg', '2017-06-17 06:22:41', '2017-06-17 06:22:41'),
(201, 9, '17274753_1387933474599276_2123810562_n.jpg', '/assets/images/portfolio/บ้านอยุธยา/17274753_1387933474599276_2123810562_n.jpg', '2017-06-17 06:22:41', '2017-06-17 06:22:41'),
(202, 9, '17274784_1387933297932627_26426818_n.jpg', '/assets/images/portfolio/บ้านอยุธยา/17274784_1387933297932627_26426818_n.jpg', '2017-06-17 06:22:41', '2017-06-17 06:22:41'),
(203, 9, '17274883_1387932687932688_211987211_n.jpg', '/assets/images/portfolio/บ้านอยุธยา/17274883_1387932687932688_211987211_n.jpg', '2017-06-17 06:22:41', '2017-06-17 06:22:41'),
(204, 9, '17274942_1387932387932718_1829867525_n.jpg', '/assets/images/portfolio/บ้านอยุธยา/17274942_1387932387932718_1829867525_n.jpg', '2017-06-17 06:22:41', '2017-06-17 06:22:41'),
(205, 9, '17274946_1387932861266004_1499999533_n.jpg', '/assets/images/portfolio/บ้านอยุธยา/17274946_1387932861266004_1499999533_n.jpg', '2017-06-17 06:22:41', '2017-06-17 06:22:41'),
(206, 9, '17274964_1387933211265969_1627421718_n.jpg', '/assets/images/portfolio/บ้านอยุธยา/17274964_1387933211265969_1627421718_n.jpg', '2017-06-17 06:22:41', '2017-06-17 06:22:41'),
(207, 9, '17275007_1387932704599353_706221426_n.jpg', '/assets/images/portfolio/บ้านอยุธยา/17275007_1387932704599353_706221426_n.jpg', '2017-06-17 06:22:41', '2017-06-17 06:22:41'),
(208, 9, '17321411_1387934027932554_615771503_n.jpg', '/assets/images/portfolio/บ้านอยุธยา/17321411_1387934027932554_615771503_n.jpg', '2017-06-17 06:22:41', '2017-06-17 06:22:41'),
(209, 9, '17321486_1387932491266041_978326339_n.jpg', '/assets/images/portfolio/บ้านอยุธยา/17321486_1387932491266041_978326339_n.jpg', '2017-06-17 06:22:41', '2017-06-17 06:22:41'),
(210, 9, '17321552_1387932664599357_276437099_n.jpg', '/assets/images/portfolio/บ้านอยุธยา/17321552_1387932664599357_276437099_n.jpg', '2017-06-17 06:22:41', '2017-06-17 06:22:41'),
(211, 9, '17321611_1387932064599417_914852492_n.jpg', '/assets/images/portfolio/บ้านอยุธยา/17321611_1387932064599417_914852492_n.jpg', '2017-06-17 06:22:41', '2017-06-17 06:22:41'),
(212, 9, '17321791_1387932507932706_1650782209_n.jpg', '/assets/images/portfolio/บ้านอยุธยา/17321791_1387932507932706_1650782209_n.jpg', '2017-06-17 06:22:41', '2017-06-17 06:22:41'),
(213, 10, '17274738_1387930391266251_1160458410_n.jpg', '/assets/images/portfolio/ฟิตเนส ตึกแกรมมี่/17274738_1387930391266251_1160458410_n.jpg', '2017-06-17 06:23:16', '2017-06-17 06:23:16'),
(214, 10, '17275001_1387930381266252_2084477121_n.jpg', '/assets/images/portfolio/ฟิตเนส ตึกแกรมมี่/17275001_1387930381266252_2084477121_n.jpg', '2017-06-17 06:23:16', '2017-06-17 06:23:16'),
(215, 11, '17238508_1387931464599477_1983502579_n.jpg', '/assets/images/portfolio/ร้านกาแฟ บางขุนเทียน/17238508_1387931464599477_1983502579_n.jpg', '2017-06-17 06:23:28', '2017-06-17 06:23:28'),
(216, 11, '17238749_1387931411266149_1978554550_n.jpg', '/assets/images/portfolio/ร้านกาแฟ บางขุนเทียน/17238749_1387931411266149_1978554550_n.jpg', '2017-06-17 06:23:28', '2017-06-17 06:23:28'),
(217, 11, '17270892_1387931444599479_1341276226_n.jpg', '/assets/images/portfolio/ร้านกาแฟ บางขุนเทียน/17270892_1387931444599479_1341276226_n.jpg', '2017-06-17 06:23:28', '2017-06-17 06:23:28'),
(218, 11, '17274492_1387931434599480_1042426202_n.jpg', '/assets/images/portfolio/ร้านกาแฟ บางขุนเทียน/17274492_1387931434599480_1042426202_n.jpg', '2017-06-17 06:23:28', '2017-06-17 06:23:28'),
(219, 11, '17274695_1387931367932820_328210521_n.jpg', '/assets/images/portfolio/ร้านกาแฟ บางขุนเทียน/17274695_1387931367932820_328210521_n.jpg', '2017-06-17 06:23:28', '2017-06-17 06:23:28'),
(220, 11, '17321316_1387931374599486_860436810_n.jpg', '/assets/images/portfolio/ร้านกาแฟ บางขุนเทียน/17321316_1387931374599486_860436810_n.jpg', '2017-06-17 06:23:28', '2017-06-17 06:23:28'),
(221, 11, '17321549_1387931391266151_1767247623_n.jpg', '/assets/images/portfolio/ร้านกาแฟ บางขุนเทียน/17321549_1387931391266151_1767247623_n.jpg', '2017-06-17 06:23:28', '2017-06-17 06:23:28'),
(222, 11, '17321790_1387931337932823_241151097_n.jpg', '/assets/images/portfolio/ร้านกาแฟ บางขุนเทียน/17321790_1387931337932823_241151097_n.jpg', '2017-06-17 06:23:28', '2017-06-17 06:23:28'),
(223, 12, '17238173_1387927071266583_1584715113_n.jpg', '/assets/images/portfolio/ลาดพร้าว 48/17238173_1387927071266583_1584715113_n.jpg', '2017-06-17 06:23:42', '2017-06-17 06:23:42'),
(224, 12, '17238520_1387929431266347_92935611_n.jpg', '/assets/images/portfolio/ลาดพร้าว 48/17238520_1387929431266347_92935611_n.jpg', '2017-06-17 06:23:42', '2017-06-17 06:23:42'),
(225, 12, '17238567_1387928097933147_1046076513_n.jpg', '/assets/images/portfolio/ลาดพร้าว 48/17238567_1387928097933147_1046076513_n.jpg', '2017-06-17 06:23:42', '2017-06-17 06:23:42'),
(226, 12, '17238634_1387927521266538_112769277_n.jpg', '/assets/images/portfolio/ลาดพร้าว 48/17238634_1387927521266538_112769277_n.jpg', '2017-06-17 06:23:42', '2017-06-17 06:23:42'),
(227, 12, '17238637_1387927217933235_223212696_n.jpg', '/assets/images/portfolio/ลาดพร้าว 48/17238637_1387927217933235_223212696_n.jpg', '2017-06-17 06:23:42', '2017-06-17 06:23:42'),
(228, 12, '17238688_1387927737933183_203927193_n.jpg', '/assets/images/portfolio/ลาดพร้าว 48/17238688_1387927737933183_203927193_n.jpg', '2017-06-17 06:23:42', '2017-06-17 06:23:42'),
(229, 12, '17238721_1387927587933198_436491481_n.jpg', '/assets/images/portfolio/ลาดพร้าว 48/17238721_1387927587933198_436491481_n.jpg', '2017-06-17 06:23:42', '2017-06-17 06:23:42'),
(230, 12, '17238750_1387927981266492_1086832676_n.jpg', '/assets/images/portfolio/ลาดพร้าว 48/17238750_1387927981266492_1086832676_n.jpg', '2017-06-17 06:23:42', '2017-06-17 06:23:42'),
(231, 12, '17238777_1387927941266496_135605986_n.jpg', '/assets/images/portfolio/ลาดพร้าว 48/17238777_1387927941266496_135605986_n.jpg', '2017-06-17 06:23:42', '2017-06-17 06:23:42'),
(232, 12, '17238807_1387927501266540_908718248_n.jpg', '/assets/images/portfolio/ลาดพร้าว 48/17238807_1387927501266540_908718248_n.jpg', '2017-06-17 06:23:42', '2017-06-17 06:23:42'),
(233, 12, '17238829_1387928601266430_793739889_n.jpg', '/assets/images/portfolio/ลาดพร้าว 48/17238829_1387928601266430_793739889_n.jpg', '2017-06-17 06:23:42', '2017-06-17 06:23:42'),
(234, 12, '17238859_1387928721266418_1770307401_n.jpg', '/assets/images/portfolio/ลาดพร้าว 48/17238859_1387928721266418_1770307401_n.jpg', '2017-06-17 06:23:42', '2017-06-17 06:23:42'),
(235, 12, '17238866_1387929467933010_1932962038_n.jpg', '/assets/images/portfolio/ลาดพร้าว 48/17238866_1387929467933010_1932962038_n.jpg', '2017-06-17 06:23:42', '2017-06-17 06:23:42'),
(236, 12, '17238878_1387928747933082_1794985976_n.jpg', '/assets/images/portfolio/ลาดพร้าว 48/17238878_1387928747933082_1794985976_n.jpg', '2017-06-17 06:23:42', '2017-06-17 06:23:42'),
(237, 12, '17238925_1387927831266507_687787745_n.jpg', '/assets/images/portfolio/ลาดพร้าว 48/17238925_1387927831266507_687787745_n.jpg', '2017-06-17 06:23:42', '2017-06-17 06:23:42'),
(238, 12, '17238962_1387927857933171_115208806_n.jpg', '/assets/images/portfolio/ลาดพร้าว 48/17238962_1387927857933171_115208806_n.jpg', '2017-06-17 06:23:42', '2017-06-17 06:23:42'),
(239, 12, '17270016_1387929554599668_1957462987_n.jpg', '/assets/images/portfolio/ลาดพร้าว 48/17270016_1387929554599668_1957462987_n.jpg', '2017-06-17 06:23:42', '2017-06-17 06:23:42'),
(240, 12, '17270069_1387928024599821_2090453285_n.jpg', '/assets/images/portfolio/ลาดพร้าว 48/17270069_1387928024599821_2090453285_n.jpg', '2017-06-17 06:23:42', '2017-06-17 06:23:42'),
(241, 12, '17270127_1387929121266378_393494564_n.jpg', '/assets/images/portfolio/ลาดพร้าว 48/17270127_1387929121266378_393494564_n.jpg', '2017-06-17 06:23:42', '2017-06-17 06:23:42'),
(242, 12, '17270178_1387929054599718_1740289851_n.jpg', '/assets/images/portfolio/ลาดพร้าว 48/17270178_1387929054599718_1740289851_n.jpg', '2017-06-17 06:23:42', '2017-06-17 06:23:42'),
(243, 12, '17270191_1387928691266421_1979880879_n.jpg', '/assets/images/portfolio/ลาดพร้าว 48/17270191_1387928691266421_1979880879_n.jpg', '2017-06-17 06:23:43', '2017-06-17 06:23:43'),
(244, 12, '17270214_1387928071266483_1163436593_n.jpg', '/assets/images/portfolio/ลาดพร้าว 48/17270214_1387928071266483_1163436593_n.jpg', '2017-06-17 06:23:43', '2017-06-17 06:23:43'),
(245, 12, '17270319_1387927551266535_1400639919_n.jpg', '/assets/images/portfolio/ลาดพร้าว 48/17270319_1387927551266535_1400639919_n.jpg', '2017-06-17 06:23:43', '2017-06-17 06:23:43'),
(246, 12, '17270356_1387928374599786_1628732063_n.jpg', '/assets/images/portfolio/ลาดพร้าว 48/17270356_1387928374599786_1628732063_n.jpg', '2017-06-17 06:23:43', '2017-06-17 06:23:43'),
(247, 12, '17270371_1387928561266434_96121686_n.jpg', '/assets/images/portfolio/ลาดพร้าว 48/17270371_1387928561266434_96121686_n.jpg', '2017-06-17 06:23:43', '2017-06-17 06:23:43'),
(248, 12, '17270436_1387927434599880_376786506_n.jpg', '/assets/images/portfolio/ลาดพร้าว 48/17270436_1387927434599880_376786506_n.jpg', '2017-06-17 06:23:43', '2017-06-17 06:23:43'),
(249, 12, '17270484_1387927497933207_153205362_n.jpg', '/assets/images/portfolio/ลาดพร้าว 48/17270484_1387927497933207_153205362_n.jpg', '2017-06-17 06:23:43', '2017-06-17 06:23:43'),
(250, 12, '17270561_1387927161266574_87740888_n.jpg', '/assets/images/portfolio/ลาดพร้าว 48/17270561_1387927161266574_87740888_n.jpg', '2017-06-17 06:23:43', '2017-06-17 06:23:43'),
(251, 12, '17270589_1387928994599724_1826473446_n.jpg', '/assets/images/portfolio/ลาดพร้าว 48/17270589_1387928994599724_1826473446_n.jpg', '2017-06-17 06:23:43', '2017-06-17 06:23:43'),
(252, 12, '17270621_1387927311266559_1788852768_n.jpg', '/assets/images/portfolio/ลาดพร้าว 48/17270621_1387927311266559_1788852768_n.jpg', '2017-06-17 06:23:43', '2017-06-17 06:23:43'),
(253, 12, '17270637_1387927164599907_619048683_n.jpg', '/assets/images/portfolio/ลาดพร้าว 48/17270637_1387927164599907_619048683_n.jpg', '2017-06-17 06:23:43', '2017-06-17 06:23:43'),
(254, 12, '17270637_1387927674599856_1523717323_n.jpg', '/assets/images/portfolio/ลาดพร้าว 48/17270637_1387927674599856_1523717323_n.jpg', '2017-06-17 06:23:43', '2017-06-17 06:23:43'),
(255, 12, '17270754_1387929104599713_937897353_n.jpg', '/assets/images/portfolio/ลาดพร้าว 48/17270754_1387929104599713_937897353_n.jpg', '2017-06-17 06:23:43', '2017-06-17 06:23:43'),
(256, 12, '17270911_1387929394599684_1022262070_n.jpg', '/assets/images/portfolio/ลาดพร้าว 48/17270911_1387929394599684_1022262070_n.jpg', '2017-06-17 06:23:43', '2017-06-17 06:23:43'),
(257, 12, '17270969_1387928974599726_341554969_n.jpg', '/assets/images/portfolio/ลาดพร้าว 48/17270969_1387928974599726_341554969_n.jpg', '2017-06-17 06:23:43', '2017-06-17 06:23:43'),
(258, 12, '17270990_1387928397933117_842585895_n.jpg', '/assets/images/portfolio/ลาดพร้าว 48/17270990_1387928397933117_842585895_n.jpg', '2017-06-17 06:23:43', '2017-06-17 06:23:43'),
(259, 12, '17274115_1387928864599737_1574289277_n.jpg', '/assets/images/portfolio/ลาดพร้าว 48/17274115_1387928864599737_1574289277_n.jpg', '2017-06-17 06:23:43', '2017-06-17 06:23:43'),
(260, 12, '17274211_1387929324599691_1347833369_n.jpg', '/assets/images/portfolio/ลาดพร้าว 48/17274211_1387929324599691_1347833369_n.jpg', '2017-06-17 06:23:43', '2017-06-17 06:23:43'),
(261, 12, '17274227_1387927114599912_385264817_n.jpg', '/assets/images/portfolio/ลาดพร้าว 48/17274227_1387927114599912_385264817_n.jpg', '2017-06-17 06:23:43', '2017-06-17 06:23:43'),
(262, 12, '17274478_1387929291266361_501542549_n.jpg', '/assets/images/portfolio/ลาดพร้าว 48/17274478_1387929291266361_501542549_n.jpg', '2017-06-17 06:23:43', '2017-06-17 06:23:43'),
(263, 12, '17274550_1387928911266399_1843675625_n.jpg', '/assets/images/portfolio/ลาดพร้าว 48/17274550_1387928911266399_1843675625_n.jpg', '2017-06-17 06:23:43', '2017-06-17 06:23:43'),
(264, 12, '17274561_1387928774599746_67933333_n.jpg', '/assets/images/portfolio/ลาดพร้าว 48/17274561_1387928774599746_67933333_n.jpg', '2017-06-17 06:23:43', '2017-06-17 06:23:43'),
(265, 12, '17274604_1387927427933214_62182658_n.jpg', '/assets/images/portfolio/ลาดพร้าว 48/17274604_1387927427933214_62182658_n.jpg', '2017-06-17 06:23:43', '2017-06-17 06:23:43'),
(266, 12, '17274605_1387928797933077_800875424_n.jpg', '/assets/images/portfolio/ลาดพร้าว 48/17274605_1387928797933077_800875424_n.jpg', '2017-06-17 06:23:43', '2017-06-17 06:23:43'),
(267, 12, '17274610_1387928767933080_859755635_n.jpg', '/assets/images/portfolio/ลาดพร้าว 48/17274610_1387928767933080_859755635_n.jpg', '2017-06-17 06:23:43', '2017-06-17 06:23:43'),
(268, 12, '17274615_1387928661266424_1179594438_n.jpg', '/assets/images/portfolio/ลาดพร้าว 48/17274615_1387928661266424_1179594438_n.jpg', '2017-06-17 06:23:43', '2017-06-17 06:23:43'),
(269, 12, '17274711_1387928514599772_718425818_n.jpg', '/assets/images/portfolio/ลาดพร้าว 48/17274711_1387928514599772_718425818_n.jpg', '2017-06-17 06:23:43', '2017-06-17 06:23:43'),
(270, 12, '17274728_1387929217933035_563871017_n.jpg', '/assets/images/portfolio/ลาดพร้าว 48/17274728_1387929217933035_563871017_n.jpg', '2017-06-17 06:23:43', '2017-06-17 06:23:43');
INSERT INTO `image` (`id`, `image_album_id`, `name`, `path`, `created_at`, `updated_at`) VALUES
(271, 12, '17274737_1387929421266348_2122532669_n.jpg', '/assets/images/portfolio/ลาดพร้าว 48/17274737_1387929421266348_2122532669_n.jpg', '2017-06-17 06:23:43', '2017-06-17 06:23:43'),
(272, 12, '17274844_1387929131266377_1430653988_n.jpg', '/assets/images/portfolio/ลาดพร้าว 48/17274844_1387929131266377_1430653988_n.jpg', '2017-06-17 06:23:43', '2017-06-17 06:23:43'),
(273, 12, '17274852_1387929027933054_182586927_n.jpg', '/assets/images/portfolio/ลาดพร้าว 48/17274852_1387929027933054_182586927_n.jpg', '2017-06-17 06:23:43', '2017-06-17 06:23:43'),
(274, 12, '17274864_1387928627933094_869920065_n.jpg', '/assets/images/portfolio/ลาดพร้าว 48/17274864_1387928627933094_869920065_n.jpg', '2017-06-17 06:23:44', '2017-06-17 06:23:44'),
(275, 12, '17274887_1387929307933026_1359773461_n.jpg', '/assets/images/portfolio/ลาดพร้าว 48/17274887_1387929307933026_1359773461_n.jpg', '2017-06-17 06:23:44', '2017-06-17 06:23:44'),
(276, 12, '17274931_1387927051266585_1197589186_n.jpg', '/assets/images/portfolio/ลาดพร้าว 48/17274931_1387927051266585_1197589186_n.jpg', '2017-06-17 06:23:44', '2017-06-17 06:23:44'),
(277, 12, '17274998_1387929367933020_1153128174_n.jpg', '/assets/images/portfolio/ลาดพร้าว 48/17274998_1387929367933020_1153128174_n.jpg', '2017-06-17 06:23:44', '2017-06-17 06:23:44'),
(278, 12, '17275020_1387927701266520_576590214_n.jpg', '/assets/images/portfolio/ลาดพร้าว 48/17275020_1387927701266520_576590214_n.jpg', '2017-06-17 06:23:44', '2017-06-17 06:23:44'),
(279, 12, '17321442_1387928411266449_1854431545_n.jpg', '/assets/images/portfolio/ลาดพร้าว 48/17321442_1387928411266449_1854431545_n.jpg', '2017-06-17 06:23:44', '2017-06-17 06:23:44'),
(280, 12, '17321451_1387929177933039_993857813_n.jpg', '/assets/images/portfolio/ลาดพร้าว 48/17321451_1387929177933039_993857813_n.jpg', '2017-06-17 06:23:44', '2017-06-17 06:23:44'),
(281, 12, '17321471_1387928387933118_1915668150_n.jpg', '/assets/images/portfolio/ลาดพร้าว 48/17321471_1387928387933118_1915668150_n.jpg', '2017-06-17 06:23:44', '2017-06-17 06:23:44'),
(282, 12, '17321480_1387928471266443_693064187_n.jpg', '/assets/images/portfolio/ลาดพร้าว 48/17321480_1387928471266443_693064187_n.jpg', '2017-06-17 06:23:44', '2017-06-17 06:23:44'),
(283, 12, '17321511_1387929267933030_1048219216_n.jpg', '/assets/images/portfolio/ลาดพร้าว 48/17321511_1387929267933030_1048219216_n.jpg', '2017-06-17 06:23:44', '2017-06-17 06:23:44'),
(284, 12, '17321525_1387928821266408_777059031_n.jpg', '/assets/images/portfolio/ลาดพร้าว 48/17321525_1387928821266408_777059031_n.jpg', '2017-06-17 06:23:44', '2017-06-17 06:23:44'),
(285, 12, '17321560_1387928547933102_1785532320_n.jpg', '/assets/images/portfolio/ลาดพร้าว 48/17321560_1387928547933102_1785532320_n.jpg', '2017-06-17 06:23:44', '2017-06-17 06:23:44'),
(286, 12, '17321606_1387927777933179_682162049_n.jpg', '/assets/images/portfolio/ลาดพร้าว 48/17321606_1387927777933179_682162049_n.jpg', '2017-06-17 06:23:44', '2017-06-17 06:23:44'),
(287, 12, '17321615_1387929067933050_483128489_n.jpg', '/assets/images/portfolio/ลาดพร้าว 48/17321615_1387929067933050_483128489_n.jpg', '2017-06-17 06:23:44', '2017-06-17 06:23:44'),
(288, 12, '17321644_1387927287933228_305016334_n.jpg', '/assets/images/portfolio/ลาดพร้าว 48/17321644_1387927287933228_305016334_n.jpg', '2017-06-17 06:23:44', '2017-06-17 06:23:44'),
(289, 12, '17321679_1387927814599842_1866654291_n.jpg', '/assets/images/portfolio/ลาดพร้าว 48/17321679_1387927814599842_1866654291_n.jpg', '2017-06-17 06:23:44', '2017-06-17 06:23:44'),
(290, 13, '17270241_1387927271266563_95733817_n.jpg', '/assets/images/portfolio/หมู่บ้าน นันทวัน/17270241_1387927271266563_95733817_n.jpg', '2017-06-17 06:24:04', '2017-06-17 06:24:04'),
(291, 13, '17274297_1387927194599904_1537634138_n.jpg', '/assets/images/portfolio/หมู่บ้าน นันทวัน/17274297_1387927194599904_1537634138_n.jpg', '2017-06-17 06:24:04', '2017-06-17 06:24:04'),
(292, 14, '17204551_1387931021266188_175704260_n.jpg', '/assets/images/portfolio/หมูบ้านโซล ทาวน์อินทาวน์/17204551_1387931021266188_175704260_n.jpg', '2017-06-17 06:24:28', '2017-06-17 06:24:28'),
(293, 14, '17238177_1387931251266165_1807532585_n.jpg', '/assets/images/portfolio/หมูบ้านโซล ทาวน์อินทาวน์/17238177_1387931251266165_1807532585_n.jpg', '2017-06-17 06:24:28', '2017-06-17 06:24:28'),
(294, 14, '17238637_1387931187932838_1327732251_n.jpg', '/assets/images/portfolio/หมูบ้านโซล ทาวน์อินทาวน์/17238637_1387931187932838_1327732251_n.jpg', '2017-06-17 06:24:28', '2017-06-17 06:24:28'),
(295, 14, '17238711_1387930821266208_668546226_n.jpg', '/assets/images/portfolio/หมูบ้านโซล ทาวน์อินทาวน์/17238711_1387930821266208_668546226_n.jpg', '2017-06-17 06:24:28', '2017-06-17 06:24:28'),
(296, 14, '17238712_1387930881266202_1442109343_n.jpg', '/assets/images/portfolio/หมูบ้านโซล ทาวน์อินทาวน์/17238712_1387930881266202_1442109343_n.jpg', '2017-06-17 06:24:28', '2017-06-17 06:24:28'),
(297, 14, '17238730_1387930984599525_517221875_n.jpg', '/assets/images/portfolio/หมูบ้านโซล ทาวน์อินทาวน์/17238730_1387930984599525_517221875_n.jpg', '2017-06-17 06:24:28', '2017-06-17 06:24:28'),
(298, 14, '17238735_1387931064599517_820915029_n.jpg', '/assets/images/portfolio/หมูบ้านโซล ทาวน์อินทาวน์/17238735_1387931064599517_820915029_n.jpg', '2017-06-17 06:24:28', '2017-06-17 06:24:28'),
(299, 14, '17270100_1387930971266193_1427658669_n.jpg', '/assets/images/portfolio/หมูบ้านโซล ทาวน์อินทาวน์/17270100_1387930971266193_1427658669_n.jpg', '2017-06-17 06:24:28', '2017-06-17 06:24:28'),
(300, 14, '17270225_1387930757932881_1879943564_n.jpg', '/assets/images/portfolio/หมูบ้านโซล ทาวน์อินทาวน์/17270225_1387930757932881_1879943564_n.jpg', '2017-06-17 06:24:28', '2017-06-17 06:24:28'),
(301, 14, '17270278_1387931134599510_1804635300_n.jpg', '/assets/images/portfolio/หมูบ้านโซล ทาวน์อินทาวน์/17270278_1387931134599510_1804635300_n.jpg', '2017-06-17 06:24:28', '2017-06-17 06:24:28'),
(302, 14, '17270422_1387931271266163_279525524_n.jpg', '/assets/images/portfolio/หมูบ้านโซล ทาวน์อินทาวน์/17270422_1387931271266163_279525524_n.jpg', '2017-06-17 06:24:28', '2017-06-17 06:24:28'),
(303, 14, '17270423_1387931004599523_630243295_n.jpg', '/assets/images/portfolio/หมูบ้านโซล ทาวน์อินทาวน์/17270423_1387931004599523_630243295_n.jpg', '2017-06-17 06:24:28', '2017-06-17 06:24:28'),
(304, 14, '17270434_1387930574599566_670180289_n.jpg', '/assets/images/portfolio/หมูบ้านโซล ทาวน์อินทาวน์/17270434_1387930574599566_670180289_n.jpg', '2017-06-17 06:24:28', '2017-06-17 06:24:28'),
(305, 14, '17270503_1387931124599511_1528798891_n.jpg', '/assets/images/portfolio/หมูบ้านโซล ทาวน์อินทาวน์/17270503_1387931124599511_1528798891_n.jpg', '2017-06-17 06:24:28', '2017-06-17 06:24:28'),
(306, 14, '17270581_1387930954599528_1847512743_n.jpg', '/assets/images/portfolio/หมูบ้านโซล ทาวน์อินทาวน์/17270581_1387930954599528_1847512743_n.jpg', '2017-06-17 06:24:28', '2017-06-17 06:24:28'),
(307, 14, '17270590_1387930477932909_1046968990_n.jpg', '/assets/images/portfolio/หมูบ้านโซล ทาวน์อินทาวน์/17270590_1387930477932909_1046968990_n.jpg', '2017-06-17 06:24:28', '2017-06-17 06:24:28'),
(308, 14, '17270697_1387931147932842_1418854003_n.jpg', '/assets/images/portfolio/หมูบ้านโซล ทาวน์อินทาวน์/17270697_1387931147932842_1418854003_n.jpg', '2017-06-17 06:24:28', '2017-06-17 06:24:28'),
(309, 14, '17270713_1387930924599531_1597016430_n.jpg', '/assets/images/portfolio/หมูบ้านโซล ทาวน์อินทาวน์/17270713_1387930924599531_1597016430_n.jpg', '2017-06-17 06:24:28', '2017-06-17 06:24:28'),
(310, 14, '17270829_1387931094599514_2125800967_n.jpg', '/assets/images/portfolio/หมูบ้านโซล ทาวน์อินทาวน์/17270829_1387931094599514_2125800967_n.jpg', '2017-06-17 06:24:28', '2017-06-17 06:24:28'),
(311, 14, '17270889_1387931324599491_1114668711_n.jpg', '/assets/images/portfolio/หมูบ้านโซล ทาวน์อินทาวน์/17270889_1387931324599491_1114668711_n.jpg', '2017-06-17 06:24:28', '2017-06-17 06:24:28'),
(312, 14, '17274257_1387930904599533_280449349_n.jpg', '/assets/images/portfolio/หมูบ้านโซล ทาวน์อินทาวน์/17274257_1387930904599533_280449349_n.jpg', '2017-06-17 06:24:28', '2017-06-17 06:24:28'),
(313, 14, '17274359_1387930511266239_86336577_n.jpg', '/assets/images/portfolio/หมูบ้านโซล ทาวน์อินทาวน์/17274359_1387930511266239_86336577_n.jpg', '2017-06-17 06:24:29', '2017-06-17 06:24:29'),
(314, 14, '17274414_1387930527932904_1578076707_n.jpg', '/assets/images/portfolio/หมูบ้านโซล ทาวน์อินทาวน์/17274414_1387930527932904_1578076707_n.jpg', '2017-06-17 06:24:29', '2017-06-17 06:24:29'),
(315, 14, '17274541_1387931044599519_71227046_n.jpg', '/assets/images/portfolio/หมูบ้านโซล ทาวน์อินทาวน์/17274541_1387931044599519_71227046_n.jpg', '2017-06-17 06:24:29', '2017-06-17 06:24:29'),
(316, 14, '17274578_1387930831266207_1422378212_n.jpg', '/assets/images/portfolio/หมูบ้านโซล ทาวน์อินทาวน์/17274578_1387930831266207_1422378212_n.jpg', '2017-06-17 06:24:29', '2017-06-17 06:24:29'),
(317, 14, '17274739_1387930861266204_1981649147_n.jpg', '/assets/images/portfolio/หมูบ้านโซล ทาวน์อินทาวน์/17274739_1387930861266204_1981649147_n.jpg', '2017-06-17 06:24:29', '2017-06-17 06:24:29'),
(318, 14, '17274881_1387930701266220_194878087_n.jpg', '/assets/images/portfolio/หมูบ้านโซล ทาวน์อินทาวน์/17274881_1387930701266220_194878087_n.jpg', '2017-06-17 06:24:29', '2017-06-17 06:24:29'),
(319, 14, '17275000_1387930547932902_67880925_n.jpg', '/assets/images/portfolio/หมูบ้านโซล ทาวน์อินทาวน์/17275000_1387930547932902_67880925_n.jpg', '2017-06-17 06:24:29', '2017-06-17 06:24:29'),
(320, 14, '17321479_1387930917932865_2101083602_n.jpg', '/assets/images/portfolio/หมูบ้านโซล ทาวน์อินทาวน์/17321479_1387930917932865_2101083602_n.jpg', '2017-06-17 06:24:29', '2017-06-17 06:24:29'),
(321, 14, '17321671_1387930607932896_2123680651_n.jpg', '/assets/images/portfolio/หมูบ้านโซล ทาวน์อินทาวน์/17321671_1387930607932896_2123680651_n.jpg', '2017-06-17 06:24:29', '2017-06-17 06:24:29'),
(322, 14, '17321692_1387931217932835_1205049087_n.jpg', '/assets/images/portfolio/หมูบ้านโซล ทาวน์อินทาวน์/17321692_1387931217932835_1205049087_n.jpg', '2017-06-17 06:24:29', '2017-06-17 06:24:29'),
(323, 14, '17321709_1387930434599580_2121432914_n.jpg', '/assets/images/portfolio/หมูบ้านโซล ทาวน์อินทาวน์/17321709_1387930434599580_2121432914_n.jpg', '2017-06-17 06:24:29', '2017-06-17 06:24:29'),
(324, 14, '17321709_1387930641266226_1426599474_n.jpg', '/assets/images/portfolio/หมูบ้านโซล ทาวน์อินทาวน์/17321709_1387930641266226_1426599474_n.jpg', '2017-06-17 06:24:29', '2017-06-17 06:24:29'),
(325, 14, '17321712_1387931291266161_641934452_n.jpg', '/assets/images/portfolio/หมูบ้านโซล ทาวน์อินทาวน์/17321712_1387931291266161_641934452_n.jpg', '2017-06-17 06:24:29', '2017-06-17 06:24:29'),
(326, 14, '17321724_1387931074599516_181344084_n.jpg', '/assets/images/portfolio/หมูบ้านโซล ทาวน์อินทาวน์/17321724_1387931074599516_181344084_n.jpg', '2017-06-17 06:24:29', '2017-06-17 06:24:29'),
(327, 15, '17238525_1387936594598964_1591917140_n.jpg', '/assets/images/portfolio/หมู่บ้านนักกีฬา/17238525_1387936594598964_1591917140_n.jpg', '2017-06-17 06:24:47', '2017-06-17 06:24:47'),
(328, 15, '17238872_1387936701265620_823242463_n.jpg', '/assets/images/portfolio/หมู่บ้านนักกีฬา/17238872_1387936701265620_823242463_n.jpg', '2017-06-17 06:24:47', '2017-06-17 06:24:47'),
(329, 15, '17270484_1387936737932283_1221632336_n.jpg', '/assets/images/portfolio/หมู่บ้านนักกีฬา/17270484_1387936737932283_1221632336_n.jpg', '2017-06-17 06:24:47', '2017-06-17 06:24:47'),
(330, 15, '17270951_1387936627932294_1937346150_n.jpg', '/assets/images/portfolio/หมู่บ้านนักกีฬา/17270951_1387936627932294_1937346150_n.jpg', '2017-06-17 06:24:47', '2017-06-17 06:24:47'),
(331, 15, '17274074_1387936654598958_1279757385_n.jpg', '/assets/images/portfolio/หมู่บ้านนักกีฬา/17274074_1387936654598958_1279757385_n.jpg', '2017-06-17 06:24:47', '2017-06-17 06:24:47'),
(332, 15, '17274760_1387936547932302_945375703_n.jpg', '/assets/images/portfolio/หมู่บ้านนักกีฬา/17274760_1387936547932302_945375703_n.jpg', '2017-06-17 06:24:47', '2017-06-17 06:24:47'),
(333, 16, '17238912_1335804433167783_1244605975_n.jpg', '/assets/images/portfolio/ออฟฟิศ วัดด่านสำโรง/17238912_1335804433167783_1244605975_n.jpg', '2017-06-17 06:25:19', '2017-06-17 06:25:19'),
(334, 16, '17270415_1335804389834454_994984205_n.jpg', '/assets/images/portfolio/ออฟฟิศ วัดด่านสำโรง/17270415_1335804389834454_994984205_n.jpg', '2017-06-17 06:25:19', '2017-06-17 06:25:19'),
(335, 16, '17270571_1335804423167784_1597824276_n.jpg', '/assets/images/portfolio/ออฟฟิศ วัดด่านสำโรง/17270571_1335804423167784_1597824276_n.jpg', '2017-06-17 06:25:19', '2017-06-17 06:25:19'),
(336, 16, '17274294_1335804429834450_815048255_n.jpg', '/assets/images/portfolio/ออฟฟิศ วัดด่านสำโรง/17274294_1335804429834450_815048255_n.jpg', '2017-06-17 06:25:19', '2017-06-17 06:25:19'),
(337, 16, '17274542_1335804403167786_1172480628_n.jpg', '/assets/images/portfolio/ออฟฟิศ วัดด่านสำโรง/17274542_1335804403167786_1172480628_n.jpg', '2017-06-17 06:25:19', '2017-06-17 06:25:19');

-- --------------------------------------------------------

--
-- Table structure for table `image_album`
--

CREATE TABLE `image_album` (
  `id` int(11) NOT NULL,
  `name` varchar(255) COLLATE utf8_unicode_ci DEFAULT NULL,
  `cover` varchar(255) COLLATE utf8_unicode_ci DEFAULT NULL,
  `created_at` timestamp NULL DEFAULT CURRENT_TIMESTAMP,
  `updated_at` timestamp NULL DEFAULT CURRENT_TIMESTAMP ON UPDATE CURRENT_TIMESTAMP
) ENGINE=InnoDB DEFAULT CHARSET=utf8 COLLATE=utf8_unicode_ci;

--
-- Dumping data for table `image_album`
--

INSERT INTO `image_album` (`id`, `name`, `cover`, `created_at`, `updated_at`) VALUES
(1, 'AIA', '/assets/images/portfolio/AIA/17029097_1322107657870794_1001005157_n.jpg', '2017-06-17 06:17:56', '2017-06-17 06:17:56'),
(2, 'MOS BURGER ชิดลม', '/assets/images/portfolio/MOS BURGER ชิดลม/17238545_1387936434598980_1649736628_n.jpg', '2017-06-17 06:18:22', '2017-06-17 06:18:22'),
(3, 'โรงแรม BWP', '/assets/images/portfolio/โรงแรม BWP/17238250_1335804449834448_1919803900_n.jpg', '2017-06-17 06:18:47', '2017-06-17 06:18:47'),
(4, 'โรงแรมเอกมัย ข้างวัดธาตุทอง', '/assets/images/portfolio/โรงแรมเอกมัย ข้างวัดธาตุทอง/17238544_1387936771265613_418349757_n.jpg', '2017-06-17 06:19:16', '2017-06-17 06:19:16'),
(5, 'โรงงาน โคราช', '/assets/images/portfolio/โรงงาน โคราช/17238399_1387931814599442_185103187_n.jpg', '2017-06-17 06:20:29', '2017-06-17 06:20:29'),
(6, 'คอนโด ฟิวส์ ถนนจันทร์', '/assets/images/portfolio/คอนโด ฟิวส์ ถนนจันทร์/17238715_1387929671266323_468064830_n.jpg', '2017-06-17 06:20:43', '2017-06-17 06:20:43'),
(7, 'ตู้รองเท้าถนนศรีนครินทร์', '/assets/images/portfolio/ตู้รองเท้าถนนศรีนครินทร์/17270989_1387930317932925_1894845058_n.jpg', '2017-06-17 06:22:06', '2017-06-17 06:22:06'),
(8, 'บ้านคุณแอ๊ว พระประแดง', '/assets/images/portfolio/บ้านคุณแอ๊ว พระประแดง/17238501_1387929614599662_1103840591_n.jpg', '2017-06-17 06:22:23', '2017-06-17 06:22:23'),
(9, 'บ้านอยุธยา', '/assets/images/portfolio/บ้านอยุธยา/17238218_1387932794599344_151283671_n.jpg', '2017-06-17 06:22:39', '2017-06-17 06:22:39'),
(10, 'ฟิตเนส ตึกแกรมมี่', '/assets/images/portfolio/ฟิตเนส ตึกแกรมมี่/17274738_1387930391266251_1160458410_n.jpg', '2017-06-17 06:23:16', '2017-06-17 06:23:16'),
(11, 'ร้านกาแฟ บางขุนเทียน', '/assets/images/portfolio/ร้านกาแฟ บางขุนเทียน/17238508_1387931464599477_1983502579_n.jpg', '2017-06-17 06:23:28', '2017-06-17 06:23:28'),
(12, 'ลาดพร้าว 48', '/assets/images/portfolio/ลาดพร้าว 48/17238173_1387927071266583_1584715113_n.jpg', '2017-06-17 06:23:42', '2017-06-17 06:23:42'),
(13, 'หมู่บ้าน นันทวัน', '/assets/images/portfolio/หมู่บ้าน นันทวัน/17270241_1387927271266563_95733817_n.jpg', '2017-06-17 06:24:04', '2017-06-17 06:24:04'),
(14, 'หมูบ้านโซล ทาวน์อินทาวน์', '/assets/images/portfolio/หมูบ้านโซล ทาวน์อินทาวน์/17204551_1387931021266188_175704260_n.jpg', '2017-06-17 06:24:28', '2017-06-17 06:24:28'),
(15, 'หมู่บ้านนักกีฬา', '/assets/images/portfolio/หมู่บ้านนักกีฬา/17238525_1387936594598964_1591917140_n.jpg', '2017-06-17 06:24:47', '2017-06-17 06:24:47'),
(16, 'ออฟฟิศ วัดด่านสำโรง', '/assets/images/portfolio/ออฟฟิศ วัดด่านสำโรง/17238912_1335804433167783_1244605975_n.jpg', '2017-06-17 06:25:19', '2017-06-17 06:25:19');

-- --------------------------------------------------------

--
-- Table structure for table `migrations`
--

CREATE TABLE `migrations` (
  `id` int(10) UNSIGNED NOT NULL,
  `migration` varchar(191) COLLATE utf8mb4_unicode_ci NOT NULL,
  `batch` int(11) NOT NULL
) ENGINE=InnoDB DEFAULT CHARSET=utf8mb4 COLLATE=utf8mb4_unicode_ci;

--
-- Dumping data for table `migrations`
--

INSERT INTO `migrations` (`id`, `migration`, `batch`) VALUES
(1, '2014_10_12_000000_create_users_table', 1),
(2, '2014_10_12_100000_create_password_resets_table', 1);

-- --------------------------------------------------------

--
-- Table structure for table `password_resets`
--

CREATE TABLE `password_resets` (
  `email` varchar(191) COLLATE utf8mb4_unicode_ci NOT NULL,
  `token` varchar(191) COLLATE utf8mb4_unicode_ci NOT NULL,
  `created_at` timestamp NULL DEFAULT NULL
) ENGINE=InnoDB DEFAULT CHARSET=utf8mb4 COLLATE=utf8mb4_unicode_ci;

-- --------------------------------------------------------

--
-- Table structure for table `users`
--

CREATE TABLE `users` (
  `id` int(10) UNSIGNED NOT NULL,
  `name` varchar(191) COLLATE utf8mb4_unicode_ci NOT NULL,
  `email` varchar(191) COLLATE utf8mb4_unicode_ci NOT NULL,
  `password` varchar(191) COLLATE utf8mb4_unicode_ci NOT NULL,
  `remember_token` varchar(100) COLLATE utf8mb4_unicode_ci DEFAULT NULL,
  `created_at` timestamp NULL DEFAULT NULL,
  `updated_at` timestamp NULL DEFAULT NULL
) ENGINE=InnoDB DEFAULT CHARSET=utf8mb4 COLLATE=utf8mb4_unicode_ci;

--
-- Dumping data for table `users`
--

INSERT INTO `users` (`id`, `name`, `email`, `password`, `remember_token`, `created_at`, `updated_at`) VALUES
(1, 'ADMIN', 'admin@mail.com', '$2y$10$IB1ybc/1PuPnL1IwXqgCFOUwdj4HT6BDH/w1yOo8lMlJgxks3sRpa', NULL, '2017-06-15 06:18:23', '2017-06-15 06:18:23');

--
-- Indexes for dumped tables
--

--
-- Indexes for table `image`
--
ALTER TABLE `image`
  ADD PRIMARY KEY (`id`);

--
-- Indexes for table `image_album`
--
ALTER TABLE `image_album`
  ADD PRIMARY KEY (`id`);

--
-- Indexes for table `migrations`
--
ALTER TABLE `migrations`
  ADD PRIMARY KEY (`id`);

--
-- Indexes for table `password_resets`
--
ALTER TABLE `password_resets`
  ADD KEY `password_resets_email_index` (`email`);

--
-- Indexes for table `users`
--
ALTER TABLE `users`
  ADD PRIMARY KEY (`id`),
  ADD UNIQUE KEY `users_email_unique` (`email`);

--
-- AUTO_INCREMENT for dumped tables
--

--
-- AUTO_INCREMENT for table `image`
--
ALTER TABLE `image`
  MODIFY `id` int(11) NOT NULL AUTO_INCREMENT, AUTO_INCREMENT=338;
--
-- AUTO_INCREMENT for table `image_album`
--
ALTER TABLE `image_album`
  MODIFY `id` int(11) NOT NULL AUTO_INCREMENT, AUTO_INCREMENT=17;
--
-- AUTO_INCREMENT for table `migrations`
--
ALTER TABLE `migrations`
  MODIFY `id` int(10) UNSIGNED NOT NULL AUTO_INCREMENT, AUTO_INCREMENT=3;
--
-- AUTO_INCREMENT for table `users`
--
ALTER TABLE `users`
  MODIFY `id` int(10) UNSIGNED NOT NULL AUTO_INCREMENT, AUTO_INCREMENT=2;COMMIT;

/*!40101 SET CHARACTER_SET_CLIENT=@OLD_CHARACTER_SET_CLIENT */;
/*!40101 SET CHARACTER_SET_RESULTS=@OLD_CHARACTER_SET_RESULTS */;
/*!40101 SET COLLATION_CONNECTION=@OLD_COLLATION_CONNECTION */;
